[
  {
    "outputFileName": "wwwroot/css/site.css",
    "inputFiles": [
      "wwwroot/css/main.css",
      //"wwwroot/css/animate.css",
      //"wwwroot/css/responsive.css",
      "wwwroot/css/price-range.css"
    ]
  },
  {
    "outputFileName": "wwwroot/js/site.js",
    "inputFiles": [
      //"wwwroot/js/contact.js",
      "wwwroot/js/gmaps.js",
      "wwwroot/js/price-range.js",
      "wwwroot/js/main.js"
    ],
    "minify": {
      "enabled": true,
      "renameLocals": true,
      "gzip": true
    }
  }
]